{
  "dataset": 10,
  "total_pdfs": 302284,
  "text_pdfs": 302283,
  "empty_pdfs": 1,
  "total_chars": 831425135,
  "keyword_totals": {
    "Maxwell": 35129,
    "New York": 257528,
    "minor": 7852,
    "FBI": 30230,
    "Epstein": 381625,
    "Palm Beach": 44051,
    "victim": 21497,
    "underage": 1865,
    "massage": 11258,
    "prosecution": 2088,
    "photograph": 3298,
    "video": 6163,
    "recording": 2192,
    "account": 581661,
    "Virgin Islands": 12753,
    "testimony": 2544,
    "Zorro Ranch": 1314,
    "bank": 392294,
    "payment": 119757,
    "trust": 150155,
    "Little St. James": 285,
    "flight": 20043,
    "plea": 336777,
    "London": 33108,
    "pilot": 3756,
    "immunity": 502,
    "foundation": 12045,
    "Paris": 19639,
    "aircraft": 21605,
    "passenger": 34057,
    "subpoena": 6987,
    "deposition": 1071,
    "Gates": 2172,
    "Trump": 8286,
    "Dershowitz": 826,
    "wire transfer": 2242,
    "donation": 1683,
    "Clinton": 1575,
    "Wexner": 1385,
    "surveillance": 891,
    "Acosta": 734,
    "Dubin": 2758,
    "Kellen": 138,
    "Brunel": 2008,
    "Nuara": 16,
    "Marcinkova": 30,
    "Prince Andrew": 1306,
    "Sulayem": 1266,
    "Mar-a-Lago": 167,
    "Caputo": 55,
    "Mar a Lago": 12
  },
  "context_count": 47677,
  "elapsed_seconds": 3233.329351425171,
  "timestamp": "2026-02-11T00:35:01.237538"
}