{
  "dataset": 11,
  "total_pdfs": 331655,
  "text_pdfs": 331655,
  "empty_pdfs": 0,
  "total_chars": 513858883,
  "keyword_totals": {
    "plea": 480242,
    "New York": 52307,
    "flight": 66325,
    "Palm Beach": 10107,
    "pilot": 2974,
    "Epstein": 207498,
    "Paris": 35810,
    "account": 20064,
    "passenger": 8630,
    "payment": 12056,
    "Sulayem": 2394,
    "bank": 15182,
    "Dubin": 4116,
    "foundation": 9111,
    "London": 10275,
    "aircraft": 6149,
    "Virgin Islands": 2149,
    "video": 6161,
    "trust": 14643,
    "FBI": 1933,
    "recording": 536,
    "Zorro Ranch": 1222,
    "minor": 1014,
    "Maxwell": 1444,
    "Gates": 2027,
    "donation": 793,
    "subpoena": 416,
    "massage": 2035,
    "photograph": 1522,
    "Trump": 2811,
    "Little St. James": 411,
    "testimony": 272,
    "prosecution": 607,
    "wire transfer": 449,
    "victim": 2413,
    "surveillance": 249,
    "immunity": 789,
    "Clinton": 1024,
    "deposition": 648,
    "Brunel": 1404,
    "Kellen": 41,
    "Wexner": 502,
    "Prince Andrew": 198,
    "underage": 140,
    "Acosta": 125,
    "Caputo": 8,
    "Mar a Lago": 9,
    "Dershowitz": 92,
    "Mar-a-Lago": 20,
    "Nuara": 2,
    "Marcinkova": 3
  },
  "context_count": 10375,
  "elapsed_seconds": 3027.0184137821198,
  "timestamp": "2026-02-11T01:25:30.355825"
}