{
  "dataset": 9,
  "total_pdfs": 252169,
  "text_pdfs": 252130,
  "empty_pdfs": 39,
  "total_chars": 996886729,
  "keyword_totals": {
    "Epstein": 516195,
    "Maxwell": 45133,
    "Gates": 4799,
    "New York": 184485,
    "Virgin Islands": 15097,
    "flight": 103003,
    "victim": 99883,
    "minor": 30590,
    "underage": 5141,
    "subpoena": 21827,
    "testimony": 10071,
    "FBI": 55204,
    "prosecution": 26466,
    "plea": 488271,
    "photograph": 10852,
    "video": 22206,
    "recording": 6247,
    "surveillance": 3534,
    "trust": 93996,
    "account": 178940,
    "aircraft": 30948,
    "bank": 89485,
    "Paris": 38069,
    "payment": 86383,
    "Palm Beach": 47429,
    "massage": 17869,
    "Trump": 24061,
    "Clinton": 3773,
    "Acosta": 5154,
    "Zorro Ranch": 2309,
    "foundation": 15821,
    "donation": 2612,
    "Prince Andrew": 2369,
    "London": 15654,
    "Little St. James": 2374,
    "pilot": 6438,
    "immunity": 2333,
    "Wexner": 1991,
    "deposition": 12435,
    "Kellen": 638,
    "Dershowitz": 6750,
    "Dubin": 3453,
    "Mar-a-Lago": 283,
    "Brunel": 2794,
    "Marcinkova": 223,
    "passenger": 60710,
    "wire transfer": 2076,
    "Mar a Lago": 53,
    "Caputo": 44,
    "Sulayem": 1518,
    "Nuara": 11
  },
  "context_count": 55037,
  "elapsed_seconds": 6818.764546394348,
  "timestamp": "2026-02-11T03:35:23.364255"
}